,precision,recall,f1-score,support
0,1.0,0.5,0.6666666666666666,4.0
1,0.8,1.0,0.8888888888888888,4.0
2,1.0,0.75,0.8571428571428571,4.0
3,0.6666666666666666,1.0,0.8,4.0
4,1.0,1.0,1.0,4.0
accuracy,0.85,0.85,0.85,0.85
macro avg,0.8933333333333333,0.85,0.8425396825396826,20.0
weighted avg,0.8933333333333333,0.85,0.8425396825396826,20.0
